Q_id,Q_type,Q_content,raw_text,user_id ,user_group ,age,gender,word_count,sentence_count,avg_sentence_length,unique_word_ratio,repeated_word_count,positive_score,negative_score,created_at
1,memory_recall,어린 시절 가장 기억에 남는 장소는 어디인가요?,"어릴 때 부산 바닷가에 자주 갔다. 
해운대, 광안리 등 유명한 바닷가도 많지만 나에게는 영도 마을 앞 바닷가가 가장 기억에 남는다. 
엄마와 함께 손잡고 거닐던 그 길이 가장 기억에 남는다. ",1,elderly,65,M,29,4,7.25,,,,,2026-05-23
1,memory_recall,어린 시절 가장 기억에 남는 장소는 어디인가요?,"어릴 때 가장 기억에 남는 장소는 할머니 댁 앞 바닷가이다. 
여름마다 가족들과 함께 갔는데 바람 냄새와 파도 소리가 아직도 기억난다. 
사촌들과 모래놀이를 하며 하루 종일 놀았던 시간이 정말 즐거웠다.",2,elderly,64,F,29,3,9.666666667,,,,,2026-05-23
1,memory_recall,어린 시절 가장 기억에 남는 장소는 어디인가요?,"초등학교 운동장이 가장 기억에 남는다. 
친구들과 축구를 하고 놀이터에서 숨바꼭질을 하며 놀았다. 
특히 운동회 날 부모님이 응원 와주셨던 장면이 아직도 생생하다.",3,elderly,63,M,21,3,7,,,,,2026-05-23
1,memory_recall,어린 시절 가장 기억에 남는 장소는 어디인가요?,"나는 어린 시절 시장 골목을 자주 갔다. 
어머니 손을 잡고 떡볶이를 사 먹었던 기억이 난다. 
시장에는 항상 사람이 많고 시끄러웠지만 활기찬 분위기가 좋았다. 
가끔 장난감을 사주셔서 더 즐거운 장소로 기억된다.",4,elderly,62,M,30,4,7.5,,,,,2026-05-23
1,memory_recall,어린 시절 가장 기억에 남는 장소는 어디인가요?,"가장 기억에 남는 장소는 동네 뒷산이다.
친구들과 곤충을 잡으러 자주 올라갔다.
가을이 되면 낙엽이 정말 많았고 공기도 맑았다.
힘들게 올라가도 정상에서 보이는 풍경이 좋아 자주 갔던 기억이 난다.
지금도 가끔 그 시절이 생각난다.",5,elderly,61,F,29,5,5.8,,,,,2026-05-23
2,emotional_expression,최근 일주일 동안 가장 행복했던 순간은 언제였나요?,"지난주 손주가 집에 놀러 왔을 때 가장 행복했다.
오랜만에 같이 밥을 먹고 산책도 했다.
손주가 웃는 모습을 보니 기분이 정말 좋았다.",6,elderly,66,F,19,3,6.333333333,,,,,2026-05-23
2,emotional_expression,최근 일주일 동안 가장 행복했던 순간은 언제였나요?,"며칠 전에 친구와 함께 시장에 다녀왔다.
같이 국수를 먹으면서 예전 이야기를 많이 했다.
평범한 하루였지만 오랜만에 웃으면서 시간을 보내 행복했다.",7,elderly,67,F,18,3,6,,,,,2026-05-23
2,emotional_expression,최근 일주일 동안 가장 행복했던 순간은 언제였나요?,"오늘 아침 날씨가 좋아 공원에 산책을 갔다.
꽃이 많이 피어 있었고 바람도 시원했다.
벤치에 앉아 음악을 들으니 마음이 편안해졌다.
집에 돌아오는 길에도 기분이 계속 좋았다.",8,elderly,68,M,22,4,5.5,,,,,2026-05-23
2,emotional_expression,최근 일주일 동안 가장 행복했던 순간은 언제였나요?,"딸이 직접 만든 음식을 가져다준 날이 기억난다.
같이 식사를 하며 이런저런 이야기를 나눴다.
가족과 함께 시간을 보내는 것이 가장 행복한 순간인 것 같다.",9,elderly,69,M,21,3,7,,,,,2026-05-23
2,emotional_expression,최근 일주일 동안 가장 행복했던 순간은 언제였나요?,"최근 병원 검진 결과가 좋아서 안심했다.
건강이 걱정됐는데 의사 선생님이 괜찮다고 말씀해주셔서 기분이 좋아졌다.
그날 집에 돌아와 오랜만에 푹 쉬었다.
앞으로도 건강 관리를 열심히 해야겠다고 생각했다.",10,elderly,70,M,23,4,5.75,,,,,2026-05-23
3,daily_life,오늘 하루 어떻게 보내셨나요?,"오늘은 아침 일찍 일어나 동네 공원을 산책했다.
날씨가 시원해서 기분이 좋았다.
집에 돌아와 간단하게 아침을 먹고 쉬었다.",11,elderly,61,M,15,3,5,,,,,2026-05-23
3,daily_life,오늘 하루 어떻게 보내셨나요?,"오전에 병원에 다녀왔다.
검사를 받고 약을 받아왔다.
조금 피곤했지만 점심을 먹고 나니 괜찮아졌다.",12,elderly,61,M,11,3,3.666666667,,,,,2026-05-23
3,daily_life,오늘 하루 어떻게 보내셨나요?,"오늘은 집에서 대부분 시간을 보냈다.
텔레비전을 보면서 쉬었고 오후에는 낮잠도 잤다.
저녁에는 가족과 통화해서 기분이 좋았다.",13,elderly,61,M,14,3,4.666666667,,,,,2026-05-23
3,daily_life,오늘 하루 어떻게 보내셨나요?,"아침에 시장에 가서 채소와 과일을 샀다.
오랜만에 아는 사람도 만나 반가웠다.
집에 와서 된장찌개를 끓여 먹었다.",14,elderly,61,M,14,3,4.666666667,,,,,2026-05-23
3,daily_life,오늘 하루 어떻게 보내셨나요?,"오늘은 특별한 일 없이 조용하게 보냈다.
신문을 읽고 음악을 들으며 시간을 보냈다.
날씨가 좋아 창문을 열어두니 기분이 편안했다.",15,elderly,61,M,16,3,5.333333333,,,,,2026-05-23
3,daily_life,오늘 하루 어떻게 보내셨나요?,"딸이 집에 들러 같이 점심을 먹었다.
이런저런 이야기를 나누며 웃을 일이 많았다.
오랜만에 즐거운 시간을 보낸 것 같다.",16,elderly,61,M,16,3,5.333333333,,,,,2026-05-23
3,daily_life,오늘 하루 어떻게 보내셨나요?,"오늘은 몸이 조금 피곤해서 많이 쉬었다.
아침에 약을 먹고 잠시 산책만 했다.
저녁에는 따뜻한 차를 마시며 하루를 마무리했다.",17,elderly,62,M,16,3,5.333333333,,,,,2026-05-23
3,daily_life,오늘 하루 어떻게 보내셨나요?,"오전에 청소를 하고 빨래를 했다.
점심에는 국수를 만들어 먹었다.
오후에는 드라마를 보며 편하게 쉬었다.",18,elderly,62,F,12,3,4,,,,,2026-05-23
3,daily_life,오늘 하루 어떻게 보내셨나요?,"아침에 일어나 화분에 물을 주었다.
햇빛이 좋아 식물들이 잘 자라는 것 같았다.
오후에는 책을 조금 읽고 쉬었다.",19,elderly,62,F,15,3,5,,,,,2026-05-23
3,daily_life,오늘 하루 어떻게 보내셨나요?,"오늘은 손주 사진을 정리하면서 시간을 보냈다.
사진을 보니 예전 생각이 많이 났다.
저녁에는 가족들과 영상통화를 했다.
하루가 금방 지나간 느낌이었다.",20,elderly,62,F,17,4,4.25,,,,,2026-05-23
3,daily_life,오늘 하루 어떻게 보내셨나요?,"오늘은 아침부터 비가 내려 집에서 시간을 보냈다.
따뜻한 커피를 마시며 창밖을 바라보니 마음이 차분해졌다.
점심에는 간단하게 죽을 먹고 오후에는 예전에 찍은 사진들을 정리했다.
사진을 보면서 옛날 생각이 많이 나서 기분이 묘했다.
저녁에는 일찍 쉬면서 하루를 마무리했다.",21,elderly,62,F,32,5,6.4,,,,,2026-05-23
4,autobiographical,어린 시절 가장 기억에 남는 경험은 무엇인가요?,"어린 시절 가장 기억에 남는 경험은 가족들과 바다로 여행을 갔던 일이다.
처음으로 기차를 타고 멀리 여행을 가서 매우 신났다.
바닷가에서 조개를 줍고 사진도 많이 찍었다.",22,elderly,62,F,23,3,7.666666667,,,,,2026-05-23
4,autobiographical,어린 시절 가장 기억에 남는 경험은 무엇인가요?,"초등학교 운동회 때 이어달리기에 나갔던 기억이 가장 남는다.
처음에는 긴장했지만 친구들과 응원을 주고받으며 즐겁게 참여했다.
달리기에서 이겨 부모님께 칭찬받았던 것이 아직도 기억난다.",23,elderly,62,F,20,3,6.666666667,,,,,2026-05-23
4,autobiographical,어린 시절 가장 기억에 남는 경험은 무엇인가요?,"어릴 적 할머니 댁에서 여름방학을 보냈던 시간이 가장 기억에 남는다.
시골에서 매미를 잡고 냇가에서 놀며 하루 종일 뛰어다녔다.
밤에는 가족들과 마당에 앉아 수박을 먹곤 했다.",24,elderly,62,M,23,3,7.666666667,,,,,2026-05-23
4,autobiographical,어린 시절 가장 기억에 남는 경험은 무엇인가요?,"비 오는 날 친구들과 우산도 없이 뛰어놀았던 기억이 난다.
옷이 다 젖었지만 정말 즐거웠다.
집에 돌아가 부모님께 혼났던 것도 함께 기억난다.",25,elderly,62,F,19,3,6.333333333,,,,,2026-05-23
4,autobiographical,어린 시절 가장 기억에 남는 경험은 무엇인가요?,"어린 시절 처음 자전거를 배웠던 날이 가장 기억에 남는다.
몇 번이나 넘어졌지만 결국 혼자 탈 수 있게 되었다.
그날 집까지 신나게 자전거를 타고 돌아왔었다.",26,elderly,62,M,22,3,7.333333333,,,,,2026-05-23
4,autobiographical,어린 시절 가장 기억에 남는 경험은 무엇인가요?,"학교에서 소풍을 갔던 날이 아직도 생생하다.
친구들과 김밥을 나눠 먹고 사진도 찍었다.
동물원에서 코끼리를 처음 본 것이 신기했다.",27,elderly,62,F,16,3,5.333333333,,,,,2026-05-23
4,autobiographical,어린 시절 가장 기억에 남는 경험은 무엇인가요?,"아버지와 함께 낚시를 갔던 경험이 가장 기억에 남는다.
새벽 일찍 일어나 강가로 갔는데 공기가 정말 맑았다.
물고기를 한 마리 잡았을 때 무척 기뻤다.",28,elderly,62,M,21,3,7,,,,,2026-05-23
4,autobiographical,어린 시절 가장 기억에 남는 경험은 무엇인가요?,"어릴 적 눈이 많이 오던 날 친구들과 눈사람을 만들었다.
손이 차가웠지만 다 같이 웃으며 놀아서 즐거웠다.
저녁에는 따뜻한 국을 먹으며 하루를 마무리했다.",29,elderly,62,F,20,3,6.666666667,,,,,2026-05-23
4,autobiographical,어린 시절 가장 기억에 남는 경험은 무엇인가요?,"처음 학교에 입학했던 날이 가장 기억에 남는다.
새 가방과 새 신발을 신고 학교에 가서 많이 긴장했다.
하지만 친구들을 만나고 나서는 금방 즐거워졌다.",30,elderly,62,M,20,3,6.666666667,,,,,2026-05-23
4,autobiographical,어린 시절 가장 기억에 남는 경험은 무엇인가요?,"어머니와 함께 시장에 갔던 일이 기억난다.
시장에서 맛있는 호떡을 사 먹고 장난감도 구경했다.
사람들이 많고 시끄러웠지만 활기찬 분위기가 좋았다.",31,elderly,62,F,17,3,5.666666667,,,,,2026-05-23
5,social_relationship,가장 친했던 친구와의 추억을 이야기해주세요.,"초등학교 때 가장 친했던 친구와 매일 같이 학교에 다녔다.
수업이 끝나면 운동장에서 축구를 하며 늦게까지 놀곤 했다.
비 오는 날 함께 우산을 쓰고 집에 돌아가던 기억이 아직도 난다.",32,elderly,62,M,26,3,8.666666667,,,,,2026-05-23
5,social_relationship,가장 친했던 친구와의 추억을 이야기해주세요.,"중학교 때 친했던 친구와 시험공부를 같이 많이 했다.
도서관에서 공부하다가 몰래 매점에 가서 라면을 먹었던 기억이 난다.
힘들 때마다 서로 응원해주어서 정말 고마운 친구였다.",33,elderly,65,F,22,3,7.333333333,,,,,2026-05-23
5,social_relationship,가장 친했던 친구와의 추억을 이야기해주세요.,"고등학교 시절 친구와 야간 자율학습 후 늦은 밤까지 이야기를 나누곤 했다.
진로 고민도 함께 했고 서로 꿈에 대해 자주 이야기했다.
지금은 자주 보지 못하지만 가끔 연락하면 그 시절 생각이 난다.",34,elderly,65,F,28,3,9.333333333,,,,,2026-05-23
5,social_relationship,가장 친했던 친구와의 추억을 이야기해주세요.,"대학교 때 가장 친했던 친구와 처음으로 여행을 갔던 기억이 있다.
부산으로 기차여행을 갔는데 길을 잃어버려 한참 헤맸다.
힘들었지만 함께 웃으며 돌아다녔던 시간이 아직도 즐겁게 기억난다.",35,elderly,65,M,23,3,7.666666667,,,,,2026-05-23
5,social_relationship,가장 친했던 친구와의 추억을 이야기해주세요.,"20대 초반 직장 생활을 시작했을 때 친해진 친구가 있다.
퇴근 후 함께 밥을 먹으며 회사 이야기를 자주 했다.
서로 힘든 점을 털어놓으며 많이 의지했던 기억이 난다.",36,elderly,65,F,24,3,8,,,,,2026-05-23
5,social_relationship,가장 친했던 친구와의 추억을 이야기해주세요.,"군대에 있을 때 친했던 친구와 지금도 연락을 하고 있다.
힘든 훈련을 같이 버티며 서로 의지가 되었다.
휴가를 함께 나와 맛있는 음식을 먹었던 기억이 가장 남는다.",37,elderly,65,M,23,3,7.666666667,,,,,2026-05-23
5,social_relationship,가장 친했던 친구와의 추억을 이야기해주세요.,"30대가 되었을 때 친구와 함께 사업을 준비했던 경험이 기억난다.
잘되지 않아 힘든 시간도 있었지만 서로 포기하지 않으려고 노력했다.
그 과정을 통해 더 가까워졌던 것 같다.",38,elderly,65,F,23,3,7.666666667,,,,,2026-05-24
5,social_relationship,가장 친했던 친구와의 추억을 이야기해주세요.,"친한 친구와 함께 야구 경기를 보러 자주 다녔다.
응원하면서 소리를 지르고 같이 웃던 시간이 정말 즐거웠다.
경기가 끝난 뒤 늦게까지 이야기하며 집에 가곤 했다.",39,elderly,65,M,22,3,7.333333333,,,,,2026-05-24
5,social_relationship,가장 친했던 친구와의 추억을 이야기해주세요.,"40대가 된 지금도 학창 시절 친구들과 모임을 하고 있다.
각자 사는 이야기를 나누며 옛날 사진을 보면 웃음이 난다.
오래된 친구들은 편하게 이야기할 수 있어 좋은 것 같다.",40,middle_adult,49,F,25,3,8.333333333,,,,,2026-05-24
5,social_relationship,가장 친했던 친구와의 추억을 이야기해주세요.,"어릴 때 동네 친구와 매일 자전거를 타고 놀았다.
강가까지 멀리 가기도 하고 아이스크림도 자주 사 먹었다.
해가 질 때까지 놀다가 부모님께 혼난 기억도 있다.",41,elderly,65,M,22,3,7.333333333,,,,,2026-05-24
5,social_relationship,가장 친했던 친구와의 추억을 이야기해주세요.,"대학교 동아리에서 만난 친구와 밤새 공연 준비를 했던 기억이 난다.
힘들었지만 함께 연습하며 정말 많이 웃었다.
공연이 끝난 뒤 다 같이 울었던 순간이 아직도 생생하다.",42,elderly,65,F,23,3,7.666666667,,,,,2026-05-24
5,social_relationship,가장 친했던 친구와의 추억을 이야기해주세요.,"30대 때 가장 친했던 친구와 등산을 자주 다녔다.
힘들게 산을 올라 정상에서 먹던 김밥이 정말 맛있었다.
서로 건강 이야기를 하며 많은 대화를 나눴다.",43,elderly,65,M,21,3,7,,,,,2026-05-24
5,social_relationship,가장 친했던 친구와의 추억을 이야기해주세요.,"친구와 함께 처음 해외여행을 갔던 경험이 기억난다.
낯선 곳이라 긴장했지만 같이 다니니 든든했다.
길을 잘못 들어 헤매기도 했지만 지금은 좋은 추억으로 남아 있다.",44,elderly,65,F,21,3,7,,,,,2026-05-25
6,preference,가장 좋아하는 음식은 무엇인가요?,"가장 좋아하는 음식은 김치찌개이다.
어릴 때부터 어머니가 자주 해주셔서 익숙하고 편안한 맛이다.
따뜻한 국물을 먹으면 마음까지 든든해지는 느낌이 든다.",45,elderly,66,F,17,3,5.666666667,,,,,2026-05-26
6,preference,가장 좋아하는 음식은 무엇인가요?,"나는 된장찌개를 가장 좋아한다.
구수한 냄새가 나면 입맛이 좋아진다.
특히 두부와 감자가 많이 들어간 된장찌개를 좋아한다.",46,elderly,66,M,14,3,4.666666667,,,,,2026-05-27
6,preference,가장 좋아하는 음식은 무엇인가요?,"가장 좋아하는 음식은 냉면이다.
여름에 시원한 냉면 한 그릇을 먹으면 더위가 싹 사라지는 기분이 든다.
물냉면도 좋지만 비빔냉면을 더 좋아한다.",47,elderly,66,F,18,3,6,,,,,2026-05-28
6,preference,가장 좋아하는 음식은 무엇인가요?,"나는 어릴 때부터 불고기를 좋아했다.
가족들과 함께 먹던 기억이 많아서 더 좋아하는 것 같다.
달콤한 양념 맛이 입에 잘 맞는다.",48,elderly,66,M,18,3,6,,,,,2026-05-29
6,preference,가장 좋아하는 음식은 무엇인가요?,"가장 좋아하는 음식은 삼계탕이다.
몸이 피곤할 때 먹으면 힘이 나는 느낌이 든다.
특히 여름에 가족들과 함께 먹었던 기억이 많이 난다.",49,elderly,66,F,18,3,6,,,,,2026-05-30
6,preference,가장 좋아하는 음식은 무엇인가요?,"나는 비빔밥을 좋아한다.
여러 가지 나물을 넣고 고추장을 비벼 먹는 맛이 좋다.
집에서 간단하게 먹기에도 편해서 자주 먹는다.",50,elderly,66,M,16,3,5.333333333,,,,,2026-05-31
6,preference,가장 좋아하는 음식은 무엇인가요?,"가장 좋아하는 음식은 떡볶이이다.
매콤달콤한 맛이 좋아 가끔 생각난다.
학생 때 친구들과 함께 자주 사 먹었던 추억도 있다.",51,elderly,66,F,16,3,5.333333333,,,,,2026-06-01
6,preference,가장 좋아하는 음식은 무엇인가요?,"나는 갈비탕을 좋아한다.
국물이 진하고 고기가 부드러워 먹기 편하다.
추운 날 먹으면 몸이 따뜻해지는 기분이 든다.",52,elderly,66,M,14,3,4.666666667,,,,,2026-06-02
6,preference,가장 좋아하는 음식은 무엇인가요?,"가장 좋아하는 음식은 짜장면이다.
어릴 때 졸업식이나 특별한 날에 자주 먹어서 좋은 기억이 많다.
지금도 가끔 생각나면 주문해서 먹는다.",53,elderly,66,F,17,3,5.666666667,,,,,2026-06-03
6,preference,가장 좋아하는 음식은 무엇인가요?,"나는 생선구이를 좋아한다.
특히 고등어구이를 좋아하는데 밥과 함께 먹으면 정말 맛있다.
집에서 구우면 냄새는 나지만 먹을 때는 만족스럽다.",54,elderly,66,M,16,3,5.333333333,,,,,2026-06-04
6,preference,가장 좋아하는 음식은 무엇인가요?,"가장 좋아하는 음식은 칼국수이다.
따뜻한 국물과 쫄깃한 면이 잘 어울린다.
비 오는 날 먹으면 더 맛있게 느껴진다.",55,elderly,66,F,15,3,5,,,,,2026-06-05
6,preference,가장 좋아하는 음식은 무엇인가요?,"나는 잡채를 좋아한다.
명절 때 가족들과 함께 먹던 기억이 많다.
당면이 부드럽고 달콤한 맛이 좋아 자주 생각난다.",56,elderly,66,F,15,3,5,,,,,2026-06-06
6,preference,가장 좋아하는 음식은 무엇인가요?,"가장 좋아하는 음식은 초밥이다.
다양한 생선을 맛볼 수 있어서 좋다.
특히 연어초밥을 가장 좋아한다.",57,elderly,66,M,12,3,4,,,,,2026-06-06
6,preference,가장 좋아하는 음식은 무엇인가요?,"나는 순두부찌개를 좋아한다.
부드러운 두부와 얼큰한 국물이 잘 어울린다.
밥과 함께 먹으면 든든한 한 끼가 된다.",58,elderly,66,F,14,3,4.666666667,,,,,2026-06-06
6,preference,가장 좋아하는 음식은 무엇인가요?,"가장 좋아하는 음식은 김밥이다.
간단하게 먹을 수 있고 여러 재료가 들어가 맛있다.
소풍 갈 때 먹었던 기억이 아직도 난다.",59,elderly,66,M,17,3,5.666666667,,,,,2026-06-06
6,preference,가장 좋아하는 음식은 무엇인가요?,"나는 해물파전을 좋아한다.
비 오는 날 막걸리와 함께 먹으면 정말 맛있다.
가족들과 함께 나눠 먹는 시간이 즐겁다.",60,elderly,67,F,15,3,5,,,,,2026-06-06
7,sensory_memory,어릴 적 가장 기억나는 냄새는 무엇인가요?,"어릴 적 가장 기억나는 냄새는 장작불 냄새이다.
겨울이면 아버지가 아궁이에 불을 지피셨는데 그 냄새가 아직도 기억난다.
따뜻한 방 안에서 가족들과 함께 있던 시간이 떠오른다.",61,elderly,67,M,22,3,7.333333333,,,,,2026-06-06
7,sensory_memory,어릴 적 가장 기억나는 냄새는 무엇인가요?,"비 온 뒤 흙냄새가 가장 기억난다.
친구들과 밖에서 뛰어놀다가 비가 오면 흙냄새가 진하게 났다.
그 냄새를 맡으면 지금도 어린 시절 생각이 난다.",62,elderly,67,F,20,3,6.666666667,,,,,2026-06-06
7,sensory_memory,어릴 적 가장 기억나는 냄새는 무엇인가요?,"할머니 댁 된장 냄새가 가장 기억에 남는다.
부엌에 들어가면 항상 구수한 냄새가 났다.
그 냄새를 맡으면 마음이 편안해지곤 했다.",63,elderly,67,M,17,3,5.666666667,,,,,2026-06-07
7,sensory_memory,어릴 적 가장 기억나는 냄새는 무엇인가요?,"학교 앞 문방구에서 나던 새 공책 냄새가 기억난다.
새 학기가 시작될 때마다 설레는 기분이 들었다.
지금도 문구점에 가면 그때 생각이 난다.",64,elderly,67,F,19,3,6.333333333,,,,,2026-06-08
7,sensory_memory,어릴 적 가장 기억나는 냄새는 무엇인가요?,"어릴 적 가장 기억나는 냄새는 엄마가 해주시던 김치찌개 냄새이다.
학교에서 돌아오면 집 안 가득 음식 냄새가 퍼져 있었다.
배가 고파 얼른 밥을 먹고 싶었던 기억이 난다.",65,elderly,67,M,24,3,8,,,,,2026-06-09
7,sensory_memory,어릴 적 가장 기억나는 냄새는 무엇인가요?,"여름 바닷가 냄새가 가장 기억난다.
짠 바람 냄새를 맡으면 가족들과 여행 갔던 추억이 떠오른다.
파도 소리와 함께 아직도 생생하게 기억난다.",66,elderly,67,F,18,3,6,,,,,2026-06-10
7,sensory_memory,어릴 적 가장 기억나는 냄새는 무엇인가요?,"어릴 적 운동장 흙냄새가 기억난다.
친구들과 축구를 하고 뛰어놀다 보면 운동화에 흙이 많이 묻었다.
해 질 때까지 놀던 시간이 즐거웠다.",67,elderly,67,F,18,3,6,,,,,2026-06-11
7,sensory_memory,어릴 적 가장 기억나는 냄새는 무엇인가요?,"겨울에 귤을 까 먹을 때 나던 향기가 가장 기억난다.
난로 옆에 앉아 가족들과 귤을 나눠 먹곤 했다.
달콤한 냄새를 맡으면 따뜻했던 집안 분위기가 떠오른다.",68,elderly,67,M,22,3,7.333333333,,,,,2026-06-12
7,sensory_memory,어릴 적 가장 기억나는 냄새는 무엇인가요?,"비누 냄새가 가장 기억에 남는다.
어머니가 빨래를 하고 난 뒤 햇볕에 말린 이불에서 좋은 냄새가 났다.
그 냄새를 맡으면 마음이 편안해졌다.",69,elderly,67,F,19,3,6.333333333,,,,,2026-06-13
7,sensory_memory,어릴 적 가장 기억나는 냄새는 무엇인가요?,"시장 골목 냄새가 가장 기억난다.
떡볶이와 어묵 냄새가 섞여 항상 맛있는 냄새가 났다.
어머니 손을 잡고 시장을 돌아다니던 기억이 난다.",70,elderly,67,M,18,3,6,,,,,2026-06-14
7,sensory_memory,어릴 적 가장 기억나는 냄새는 무엇인가요?,"새 책 냄새가 가장 좋아서 아직도 기억난다.
학교에서 새 교과서를 받으면 괜히 계속 펼쳐보곤 했다.
책 냄새를 맡으면 공부를 열심히 해야겠다는 생각이 들었다.",71,elderly,67,F,21,3,7,,,,,2026-06-15
7,sensory_memory,어릴 적 가장 기억나는 냄새는 무엇인가요?,"가을 낙엽 냄새가 가장 기억난다.
학교 끝나고 친구들과 낙엽을 밟으며 집에 돌아가곤 했다.
차가운 바람과 낙엽 냄새가 아직도 생생하다.",72,elderly,67,M,17,3,5.666666667,,,,,2026-06-16
7,sensory_memory,어릴 적 가장 기억나는 냄새는 무엇인가요?,"어릴 적 가장 기억나는 냄새는 빵집 냄새이다.
학교 끝나고 빵집 앞을 지나가면 달콤한 냄새가 났다.
가끔 부모님이 빵을 사주시면 정말 행복했다.",73,elderly,67,F,19,3,6.333333333,,,,,2026-06-17
7,sensory_memory,어릴 적 가장 기억나는 냄새는 무엇인가요?,"여름밤 모기약 냄새가 기억난다.
선풍기를 틀어놓고 가족들과 함께 잠들던 시절이 떠오른다.
그때는 더워도 지금처럼 힘들지는 않았던 것 같다.",74,elderly,67,M,16,3,5.333333333,,,,,2026-06-18
7,sensory_memory,어릴 적 가장 기억나는 냄새는 무엇인가요?,"어릴 때 연탄 냄새가 가장 기억난다.
아침마다 연탄을 갈던 모습이 아직도 생각난다.
겨울이면 집 안이 따뜻해서 좋았던 기억이 있다.",75,elderly,67,M,17,3,5.666666667,,,,,2026-06-19